Date,Link
2021-04-23,https://www.bbc.co.uk/news/world-us-canada-56865562
2021-04-20,https://www.bbc.co.uk/news/uk-politics-56818750
2021-04-18,https://www.bbc.co.uk/sport/football/56795811
2021-04-14,https://www.bbc.co.uk/news/world-europe-56744474
2021-04-18,https://www.bbc.co.uk/news/world-56763490
2021-04-14,https://www.bbc.co.uk/sport/olympics/56737231
2021-04-15,https://www.bbc.co.uk/news/world-latin-america-56726773
2021-04-13,https://www.bbc.co.uk/news/world-asia-india-56719311
2021-04-25,https://www.bbc.co.uk/news/world-asia-india-56881083
2021-04-20,https://www.bbc.co.uk/news/av/uk-56822930
2021-04-16,https://www.bbc.co.uk/news/uk-england-sussex-56774695
2021-04-18,https://www.bbc.co.uk/news/business-56792017
2021-04-18,https://www.bbc.co.uk/news/uk-politics-56790057
2021-04-20,https://www.bbc.co.uk/news/health-56823627
2021-04-14,https://www.bbc.co.uk/news/av/uk-politics-56749095
2021-04-15,https://www.bbc.co.uk/news/uk-england-sussex-56760080
2021-04-20,https://www.bbc.co.uk/news/uk-northern-ireland-56777985
2021-04-15,https://www.bbc.co.uk/news/av/world-us-canada-56753966
2021-04-25,https://www.bbc.co.uk/news/uk-politics-56878223
2021-04-13,https://www.bbc.co.uk/news/world-us-canada-56733715
2021-04-21,https://www.bbc.co.uk/news/uk-politics-56819137
2021-04-17,https://www.bbc.co.uk/news/technology-56742772
2021-04-20,https://www.bbc.co.uk/news/world-europe-56820970
2021-04-21,https://www.bbc.co.uk/news/uk-politics-56839459
2021-04-22,https://www.bbc.co.uk/news/business-56840781
2021-04-20,https://www.bbc.co.uk/news/uk-56818706
2021-04-23,https://www.bbc.co.uk/news/uk-politics-56856901
2021-04-25,https://www.bbc.co.uk/news/uk-politics-56876153
2021-04-24,https://www.bbc.co.uk/news/av/uk-politics-56872426
2021-04-22,https://www.bbc.co.uk/news/uk-politics-56846908
2021-04-25,https://www.bbc.co.uk/news/uk-56880377
2021-04-20,https://www.bbc.co.uk/news/uk-politics-56823348
2021-04-20,https://www.bbc.co.uk/news/uk-politics-56818748
2021-04-15,https://www.bbc.co.uk/news/uk-politics-56763652
2021-04-23,https://www.bbc.co.uk/news/uk-56865812
2021-04-15,https://www.bbc.co.uk/news/uk-england-tyne-56757906
2021-04-12,https://www.bbc.co.uk/news/entertainment-arts-56716445
2021-04-20,https://www.bbc.co.uk/sport/football/56812151
2021-04-19,https://www.bbc.co.uk/news/av/uk-56803347
2021-04-20,https://www.bbc.co.uk/news/uk-politics-56810962
2021-04-21,https://www.bbc.co.uk/news/av/uk-politics-56834638
2021-04-15,https://www.bbc.co.uk/news/av/uk-politics-56761479
2021-04-21,https://www.bbc.co.uk/news/av/uk-politics-56834633
2021-04-23,https://www.bbc.co.uk/news/uk-politics-56859751
2021-04-23,https://www.bbc.co.uk/news/uk-politics-56863547
2021-04-13,https://www.bbc.co.uk/news/av/uk-56729843
2021-04-22,https://www.bbc.co.uk/news/uk-politics-56843367
2021-04-25,https://www.bbc.co.uk/news/uk-politics-56878663
2021-04-19,https://www.bbc.co.uk/news/uk-politics-56807520
2021-04-14,https://www.bbc.co.uk/news/uk-politics-56749966
2021-04-14,https://www.bbc.co.uk/news/av/uk-politics-56749125
2021-04-23,https://www.bbc.co.uk/news/av/uk-politics-56861204
2021-04-24,https://www.bbc.co.uk/news/uk-politics-56870370
2021-04-20,https://www.bbc.co.uk/news/uk-northern-ireland-56802428
2021-04-24,https://www.bbc.co.uk/news/uk-politics-56868733
2021-04-19,https://www.bbc.co.uk/news/av/uk-politics-56802018
2021-04-19,https://www.bbc.co.uk/news/entertainment-arts-56806305
2021-04-21,https://www.bbc.co.uk/news/uk-56835232
2021-04-22,https://www.bbc.co.uk/news/uk-56844943
2021-04-21,https://www.bbc.co.uk/news/business-56837107
2021-04-13,https://www.bbc.co.uk/news/uk-56740980
2021-04-21,https://www.bbc.co.uk/news/uk-56830398
2021-04-12,https://www.bbc.co.uk/news/uk-56712829
2021-04-16,https://www.bbc.co.uk/news/uk-wales-56749387
2021-04-21,https://www.bbc.co.uk/news/uk-politics-56832485
2021-04-15,https://www.bbc.co.uk/news/world-europe-56757608
2021-04-24,https://www.bbc.co.uk/news/uk-scotland-56868437
2021-04-21,https://www.bbc.co.uk/news/world-us-canada-56824177
2021-04-20,https://www.bbc.co.uk/news/entertainment-arts-56815282
2021-04-14,https://www.bbc.co.uk/news/uk-politics-56733456
2021-04-15,https://www.bbc.co.uk/news/uk-56763789
2021-04-22,https://www.bbc.co.uk/news/uk-56848006
2021-04-12,https://www.bbc.co.uk/news/uk-56725940
2021-04-14,https://www.bbc.co.uk/news/uk-england-beds-bucks-herts-56734016
2021-04-12,https://www.bbc.co.uk/news/uk-northern-ireland-56715146
2021-04-25,https://www.bbc.co.uk/news/uk-scotland-scotland-politics-56878683
2021-04-25,https://www.bbc.co.uk/news/uk-politics-56878998
2021-04-19,https://www.bbc.co.uk/news/av/uk-56808466
2021-04-13,https://www.bbc.co.uk/news/uk-56729431
2021-04-18,https://www.bbc.co.uk/news/uk-56792740
2021-04-19,https://www.bbc.co.uk/news/uk-56803137
2021-04-15,https://www.bbc.co.uk/news/uk-politics-56757195
2021-04-17,https://www.bbc.co.uk/news/uk-politics-56763651
2021-04-20,https://www.bbc.co.uk/news/uk-56822592
2021-04-23,https://www.bbc.co.uk/news/av/uk-politics-56861202
2021-04-21,https://www.bbc.co.uk/news/av/uk-politics-56832404
2021-04-21,https://www.bbc.co.uk/news/av/uk-politics-56834641
2021-04-19,https://www.bbc.co.uk/news/av/uk-politics-56802022
2021-04-24,https://www.bbc.co.uk/news/uk-wales-56831019
2021-04-20,https://www.bbc.co.uk/news/uk-56813025
2021-04-15,https://www.bbc.co.uk/news/uk-politics-56754210
2021-04-13,https://www.bbc.co.uk/news/uk-56727568
2021-04-18,https://www.bbc.co.uk/news/uk-northern-ireland-56763380
2021-04-16,https://www.bbc.co.uk/news/uk-56777062
2021-04-19,https://www.bbc.co.uk/news/56801288
2021-04-23,https://www.bbc.co.uk/news/uk-politics-56861138
2021-04-21,https://www.bbc.co.uk/news/uk-politics-56832486
2021-04-20,https://www.bbc.co.uk/news/entertainment-arts-56813452
2021-04-18,https://www.bbc.co.uk/news/uk-wales-56775478
2021-04-15,https://www.bbc.co.uk/news/uk-politics-56744212
